ms,1122298,val,0
ms,1122323,val,1
ms,1122348,val,1
ms,1122373,val,1
ms,1122398,val,1
ms,1122423,val,1
ms,1122448,val,1
ms,1122473,val,1
ms,1122498,val,1
ms,1122523,val,1
ms,1122548,val,1
ms,1122573,val,1
ms,1122598,val,1
ms,1122623,val,1
ms,1122648,val,1
ms,1122673,val,1
ms,1122698,val,1
ms,1122723,val,1
ms,1122748,val,1
ms,1122773,val,1
ms,1122798,val,1
ms,1122823,val,1
ms,1122848,val,1
ms,1122873,val,1
ms,1122898,val,1
ms,1122923,val,0
ms,1122948,val,1
ms,1122973,val,1
ms,1122998,val,1
ms,1123023,val,1
ms,1123048,val,1
ms,1123073,val,0
ms,1123098,val,1
ms,1123123,val,1
ms,1123148,val,1
ms,1123173,val,1
ms,1123198,val,1
ms,1123223,val,1
ms,1123248,val,0
ms,1123273,val,1
ms,1123298,val,1
ms,1123323,val,1
ms,1123348,val,1
ms,1123373,val,0
ms,1123398,val,1
ms,1123423,val,1
ms,1123448,val,0
ms,1123473,val,1
ms,1123498,val,1
ms,1123523,val,1
ms,1123548,val,0
ms,1123573,val,0
ms,1123598,val,0
ms,1123623,val,1
ms,1123648,val,1
ms,1123673,val,1
ms,1123698,val,1
ms,1123723,val,1
ms,1123748,val,1
ms,1123773,val,1
ms,1123798,val,1
ms,1123823,val,1
ms,1123848,val,1
ms,1123873,val,1
ms,1123898,val,1
ms,1123923,val,1
ms,1123948,val,1
ms,1123973,val,1
ms,1123998,val,1
ms,1124023,val,1
ms,1124048,val,1
ms,1124073,val,0
ms,1124098,val,1
ms,1124123,val,1
ms,1124148,val,0
ms,1124173,val,1
ms,1124198,val,1
ms,1124223,val,1
ms,1124248,val,1
ms,1124273,val,0
ms,1124298,val,1
ms,1124323,val,1
ms,1124348,val,1
ms,1124373,val,1
ms,1124398,val,1
ms,1124423,val,1
ms,1124448,val,1
ms,1124473,val,1
ms,1124498,val,1
ms,1124523,val,1
ms,1124548,val,1
ms,1124573,val,0
ms,1124598,val,1
ms,1124623,val,1
ms,1124648,val,1
ms,1124673,val,1
ms,1124698,val,1
ms,1124723,val,1
ms,1124748,val,1
ms,1124773,val,1
ms,1124798,val,1
ms,1124823,val,1
ms,1124848,val,1
ms,1124873,val,1
ms,1124898,val,0
ms,1124923,val,1
ms,1124948,val,1
ms,1124973,val,1
ms,1124998,val,1
ms,1125023,val,1
ms,1125048,val,1
ms,1125073,val,1
ms,1125098,val,0
ms,1125123,val,1
ms,1125148,val,1
ms,1125173,val,0
ms,1125198,val,1
ms,1125223,val,1
ms,1125248,val,0
ms,1125273,val,1
ms,1125298,val,1
ms,1125323,val,0
ms,1125348,val,1
ms,1125373,val,1
ms,1125398,val,0
ms,1125423,val,1
ms,1125448,val,1
ms,1125473,val,1
ms,1125498,val,1
ms,1125523,val,1
ms,1125548,val,1
ms,1125573,val,1
ms,1125598,val,1
ms,1125623,val,1
ms,1125648,val,1
ms,1125673,val,1
ms,1125698,val,1
ms,1125723,val,1
ms,1125748,val,1
ms,1125773,val,1
ms,1125798,val,1
ms,1125823,val,1
ms,1125848,val,1
ms,1125873,val,1
ms,1125898,val,1
ms,1125923,val,1
ms,1125948,val,1
ms,1125973,val,1
ms,1125998,val,1
ms,1126023,val,1
ms,1126048,val,1
ms,1126073,val,1
ms,1126098,val,1
ms,1126123,val,0
ms,1126148,val,1
ms,1126173,val,1
ms,1126198,val,1
ms,1126223,val,1
ms,1126248,val,1
ms,1126273,val,1
ms,1126298,val,1
ms,1126323,val,1
ms,1126348,val,1
ms,1126373,val,1
ms,1126398,val,0
ms,1126423,val,0
ms,1126448,val,1
ms,1126473,val,1
ms,1126498,val,1
ms,1126523,val,1
ms,1126548,val,1
ms,1126573,val,1
ms,1126598,val,1
ms,1126623,val,1
ms,1126648,val,1
ms,1126673,val,1
ms,1126698,val,0
ms,1126723,val,1
ms,1126748,val,1
ms,1126773,val,0
ms,1126798,val,1
ms,1126823,val,1
ms,1126848,val,1
ms,1126873,val,1
ms,1126898,val,1
ms,1126923,val,1
ms,1126948,val,1
ms,1126973,val,1
ms,1126998,val,1
ms,1127023,val,1
ms,1127048,val,0
ms,1127073,val,1
ms,1127098,val,1
ms,1127123,val,1
ms,1127148,val,1
ms,1127173,val,1
ms,1127198,val,0
ms,1127223,val,1
ms,1127248,val,1
ms,1127273,val,1
ms,1127298,val,1
ms,1127323,val,1
ms,1127348,val,1
ms,1127373,val,1
ms,1127398,val,0
ms,1127423,val,1
ms,1127448,val,1
ms,1127473,val,1
ms,1127498,val,0
ms,1127523,val,1
ms,1127548,val,1
ms,1127573,val,0
ms,1127598,val,1
ms,1127623,val,1
ms,1127648,val,1
ms,1127673,val,1
ms,1127698,val,1
ms,1127723,val,1
ms,1127748,val,1
ms,1127773,val,1
ms,1127798,val,1
ms,1127823,val,1
ms,1127848,val,0
ms,1127873,val,1
ms,1127898,val,1
ms,1127923,val,0
ms,1127948,val,0
ms,1127973,val,1
ms,1127998,val,1
ms,1128023,val,1
ms,1128048,val,1
ms,1128073,val,1
ms,1128098,val,1
ms,1128123,val,1
ms,1128148,val,1
ms,1128173,val,1
ms,1128198,val,1
ms,1128223,val,1
ms,1128248,val,0
ms,1128273,val,1
ms,1128298,val,1
ms,1128323,val,1
ms,1128348,val,1
ms,1128373,val,1
ms,1128398,val,1
ms,1128423,val,1
ms,1128448,val,1
ms,1128473,val,1
ms,1128498,val,1
ms,1128523,val,1
ms,1128548,val,1
ms,1128573,val,1
ms,1128598,val,1
ms,1128623,val,1
ms,1128648,val,1
ms,1128673,val,0
ms,1128698,val,1
ms,1128723,val,1
ms,1128748,val,1
ms,1128773,val,1
ms,1128798,val,0
ms,1128823,val,1
ms,1128848,val,1
ms,1128873,val,1
ms,1128898,val,1
ms,1128923,val,1
ms,1128948,val,1
ms,1128973,val,1
ms,1128998,val,1
ms,1129023,val,1
ms,1129048,val,1
ms,1129073,val,1
ms,1129098,val,0
ms,1129123,val,1
ms,1129148,val,0
ms,1129173,val,0
ms,1129198,val,1
ms,1129223,val,1
ms,1129248,val,1
ms,1129273,val,1
ms,1129298,val,0
ms,1129323,val,1
ms,1129348,val,0
ms,1129373,val,0
ms,1129398,val,1
ms,1129423,val,1
ms,1129448,val,1
ms,1129473,val,1
ms,1129498,val,1
ms,1129523,val,1
ms,1129548,val,1
ms,1129573,val,0
ms,1129598,val,1
ms,1129623,val,0
ms,1129648,val,1
ms,1129673,val,1
ms,1129698,val,1
ms,1129723,val,0
ms,1129748,val,0
ms,1129773,val,1
ms,1129798,val,1
ms,1129823,val,1
ms,1129848,val,1
ms,1129873,val,1
ms,1129898,val,1
ms,1129923,val,1
ms,1129948,val,1
ms,1129973,val,1
ms,1129998,val,0
ms,1130023,val,1
ms,1130048,val,1
ms,1130073,val,1
ms,1130098,val,0
ms,1130123,val,1
ms,1130148,val,1
ms,1130173,val,1
ms,1130198,val,0
ms,1130223,val,0
ms,1130248,val,1
ms,1130273,val,1
ms,1130298,val,1
ms,1130323,val,1
ms,1130348,val,1
ms,1130373,val,1
ms,1130398,val,1
ms,1130423,val,1
ms,1130448,val,1
ms,1130473,val,0
ms,1130498,val,1
ms,1130523,val,0
ms,1130548,val,1
ms,1130573,val,1
ms,1130598,val,1
ms,1130623,val,1
ms,1130648,val,1
ms,1130673,val,1
ms,1130698,val,1
ms,1130723,val,1
ms,1130748,val,1
ms,1130773,val,1
ms,1130798,val,1
ms,1130823,val,1
ms,1130848,val,1
ms,1130873,val,0
ms,1130898,val,1
ms,1130923,val,1
ms,1130948,val,1
ms,1130973,val,1
ms,1130998,val,0
ms,1131023,val,1
ms,1131048,val,0
ms,1131073,val,0
ms,1131098,val,1
ms,1131123,val,1
ms,1131148,val,1
ms,1131173,val,1
ms,1131198,val,1
ms,1131223,val,1
ms,1131248,val,1
ms,1131273,val,1
ms,1131298,val,1
ms,1131323,val,1
ms,1131348,val,1
ms,1131373,val,1
ms,1131398,val,1
ms,1131423,val,1
ms,1131448,val,1
ms,1131473,val,0
ms,1131498,val,1
ms,1131523,val,0
ms,1131548,val,1
ms,1131573,val,1
ms,1131598,val,1
ms,1131623,val,1
ms,1131648,val,1
ms,1131673,val,1
ms,1131698,val,1
ms,1131723,val,1
ms,1131748,val,1
ms,1131773,val,1
ms,1131798,val,0
ms,1131823,val,1
ms,1131848,val,1
ms,1131873,val,1
ms,1131898,val,1
ms,1131923,val,1
ms,1131948,val,1
ms,1131973,val,1
ms,1131998,val,1
ms,1132023,val,1
ms,1132048,val,1
ms,1132073,val,0
ms,1132098,val,1
ms,1132123,val,1
ms,1132148,val,1
ms,1132173,val,1
ms,1132198,val,1
ms,1132223,val,1
ms,1132248,val,1
ms,1132273,val,1
ms,1132298,val,1
ms,1132323,val,0
ms,1132348,val,1
ms,1132373,val,1
ms,1132398,val,1
ms,1132423,val,0
ms,1132448,val,1
ms,1132473,val,1
ms,1132498,val,1
ms,1132523,val,1
ms,1132548,val,0
ms,1132573,val,1
ms,1132598,val,1
ms,1132623,val,1
ms,1132648,val,1
ms,1132673,val,1
ms,1132698,val,1
ms,1132723,val,0
ms,1132748,val,0
ms,1132773,val,1
ms,1132798,val,1
ms,1132823,val,1
ms,1132848,val,1
ms,1132873,val,1
ms,1132898,val,1
ms,1132923,val,1
ms,1132948,val,1
ms,1132973,val,0
ms,1132998,val,0
ms,1133023,val,1
ms,1133048,val,1
ms,1133073,val,1
ms,1133098,val,1
ms,1133123,val,1
ms,1133148,val,1
ms,1133173,val,1
ms,1133198,val,1
ms,1133223,val,1
ms,1133248,val,1
ms,1133273,val,1
ms,1133298,val,1
ms,1133323,val,1
ms,1133348,val,1
ms,1133373,val,1
ms,1133398,val,1
ms,1133423,val,1
ms,1133448,val,1
ms,1133473,val,1
ms,1133498,val,1
ms,1133523,val,1
ms,1133548,val,0
ms,1133573,val,1
ms,1133598,val,1
ms,1133623,val,1
ms,1133648,val,1
ms,1133673,val,1
ms,1133698,val,1
ms,1133723,val,1
ms,1133748,val,1
ms,1133773,val,1
ms,1133798,val,1
ms,1133823,val,0
ms,1133848,val,1
ms,1133873,val,0
ms,1133898,val,1
ms,1133923,val,1
ms,1133948,val,1
ms,1133973,val,1
ms,1133998,val,0
ms,1134023,val,1
ms,1134048,val,1
ms,1134073,val,1
ms,1134098,val,1
ms,1134123,val,1
ms,1134148,val,1
ms,1134173,val,1
ms,1134198,val,1
ms,1134223,val,1
ms,1134248,val,1
ms,1134273,val,1
ms,1134298,val,1
ms,1134323,val,1
ms,1134348,val,1
ms,1134373,val,1
ms,1134398,val,1
ms,1134423,val,1
ms,1134448,val,1
ms,1134473,val,1
ms,1134498,val,1
ms,1134523,val,0
ms,1134548,val,1
ms,1134573,val,1
ms,1134598,val,1
ms,1134623,val,0
ms,1134648,val,1
ms,1134673,val,0
ms,1134698,val,1
ms,1134723,val,1
ms,1134748,val,1
ms,1134773,val,1
ms,1134798,val,1
ms,1134823,val,1
ms,1134848,val,1
ms,1134873,val,1
ms,1134898,val,1
ms,1134923,val,1
ms,1134948,val,1
ms,1134973,val,1
ms,1134998,val,0
ms,1135023,val,1
ms,1135048,val,0
ms,1135073,val,1
ms,1135098,val,1
ms,1135123,val,0
ms,1135148,val,1
ms,1135173,val,1
ms,1135198,val,1
ms,1135223,val,1
ms,1135248,val,1
ms,1135273,val,1
ms,1135298,val,1
ms,1135323,val,1
ms,1135348,val,1
ms,1135373,val,0
ms,1135398,val,1
ms,1135423,val,0
ms,1135448,val,1
ms,1135473,val,1
ms,1135498,val,1
ms,1135523,val,1
ms,1135548,val,1
ms,1135573,val,1
ms,1135598,val,1
ms,1135623,val,1
ms,1135648,val,1
ms,1135673,val,1
ms,1135698,val,0
ms,1135723,val,1
ms,1135748,val,1
ms,1135773,val,1
ms,1135798,val,1
ms,1135823,val,1
ms,1135848,val,1
ms,1135873,val,1
ms,1135898,val,1
ms,1135923,val,0
ms,1135948,val,1
ms,1135973,val,1
ms,1135998,val,1
ms,1136023,val,1
ms,1136048,val,1
ms,1136073,val,0
ms,1136098,val,1
ms,1136123,val,1
ms,1136148,val,1
ms,1136173,val,1
ms,1136198,val,0
ms,1136223,val,1
ms,1136248,val,1
ms,1136273,val,1
ms,1136298,val,1
ms,1136323,val,1
ms,1136348,val,1
ms,1136373,val,1
ms,1136398,val,1
ms,1136423,val,1
ms,1136448,val,1
ms,1136473,val,1
ms,1136498,val,1
ms,1136523,val,1
ms,1136548,val,1
ms,1136573,val,1
ms,1136598,val,1
ms,1136623,val,1
ms,1136648,val,0
ms,1136673,val,0
ms,1136698,val,0
ms,1136723,val,1
ms,1136748,val,1
ms,1136773,val,1
ms,1136798,val,1
ms,1136823,val,1
ms,1136848,val,1
ms,1136873,val,0
ms,1136898,val,0
ms,1136923,val,0
ms,1136948,val,1
ms,1136973,val,1
ms,1136998,val,1
ms,1137023,val,1
ms,1137048,val,1
ms,1137073,val,0
ms,1137098,val,1
ms,1137123,val,1
ms,1137148,val,1
ms,1137173,val,1
ms,1137198,val,1
ms,1137223,val,1
ms,1137248,val,1
ms,1137273,val,0
ms,1137298,val,0
ms,1137323,val,1
ms,1137348,val,1
ms,1137373,val,0
ms,1137398,val,0
ms,1137423,val,0
ms,1137448,val,0
ms,1137473,val,1
ms,1137498,val,1
ms,1137523,val,1
ms,1137548,val,0
ms,1137573,val,1
ms,1137598,val,1
ms,1137623,val,1
ms,1137648,val,0
ms,1137673,val,1
ms,1137698,val,1
ms,1137723,val,1
ms,1137748,val,1
ms,1137773,val,1
ms,1137798,val,1
ms,1137823,val,1
ms,1137848,val,1
ms,1137873,val,1
ms,1137898,val,1
ms,1137923,val,1
ms,1137948,val,1
ms,1137973,val,0
ms,1137998,val,0
ms,1138023,val,1
ms,1138048,val,1
ms,1138073,val,1
ms,1138098,val,1
ms,1138123,val,1
ms,1138148,val,1
ms,1138173,val,1
ms,1138198,val,1
ms,1138223,val,1
ms,1138248,val,1
ms,1138273,val,1
ms,1138298,val,0
ms,1138323,val,1
ms,1138348,val,1
ms,1138373,val,1
ms,1138398,val,1
ms,1138423,val,1
ms,1138448,val,0
ms,1138473,val,1
ms,1138498,val,1
ms,1138523,val,1
ms,1138548,val,1
ms,1138573,val,1
ms,1138598,val,1
ms,1138623,val,1
ms,1138648,val,1
ms,1138673,val,0
ms,1138698,val,0
ms,1138723,val,1
ms,1138748,val,1
ms,1138773,val,1
ms,1138798,val,1
ms,1138823,val,0
ms,1138848,val,1
ms,1138873,val,1
ms,1138898,val,1
ms,1138923,val,1
ms,1138948,val,1
ms,1138973,val,1
ms,1138998,val,1
ms,1139023,val,1
ms,1139048,val,1
ms,1139073,val,0
ms,1139098,val,1
ms,1139123,val,1
ms,1139148,val,1
ms,1139173,val,0
ms,1139198,val,0
ms,1139223,val,1
ms,1139248,val,0
ms,1139273,val,1
ms,1139298,val,0
ms,1139323,val,1
ms,1139348,val,1
ms,1139373,val,1
ms,1139398,val,1
ms,1139423,val,1
ms,1139448,val,1
ms,1139473,val,0
ms,1139498,val,1
ms,1139523,val,1
ms,1139548,val,1
ms,1139573,val,0
ms,1139598,val,1
ms,1139623,val,1
ms,1139648,val,1
ms,1139673,val,1
ms,1139698,val,1
ms,1139723,val,0
ms,1139748,val,1
ms,1139773,val,1
ms,1139798,val,1
ms,1139823,val,0
ms,1139848,val,0
ms,1139873,val,1
ms,1139898,val,1
ms,1139923,val,1
ms,1139948,val,1
ms,1139973,val,1
ms,1139998,val,1
ms,1140023,val,1
ms,1140048,val,1
ms,1140073,val,1
ms,1140098,val,1
ms,1140123,val,1
ms,1140148,val,0
ms,1140173,val,1
ms,1140198,val,1
ms,1140223,val,1
ms,1140248,val,1
ms,1140273,val,0
ms,1140298,val,1
ms,1140323,val,0
ms,1140348,val,1
ms,1140373,val,1
ms,1140398,val,1
ms,1140423,val,1
ms,1140448,val,1
ms,1140473,val,1
ms,1140498,val,1
ms,1140523,val,1
ms,1140548,val,1
ms,1140573,val,1
ms,1140598,val,1
ms,1140623,val,0
ms,1140648,val,1
ms,1140673,val,1
ms,1140698,val,1
ms,1140723,val,1
ms,1140748,val,1
ms,1140773,val,1
ms,1140798,val,1
ms,1140823,val,1
ms,1140848,val,1
ms,1140873,val,1
ms,1140898,val,0
ms,1140923,val,1
ms,1140948,val,1
ms,1140973,val,1
ms,1140998,val,1
ms,1141023,val,1
ms,1141048,val,1
ms,1141073,val,1
ms,1141098,val,1
ms,1141123,val,1
ms,1141148,val,1
ms,1141173,val,1
ms,1141198,val,0
ms,1141223,val,0
ms,1141248,val,1
ms,1141273,val,1
ms,1141298,val,1
ms,1141323,val,0
ms,1141348,val,1
ms,1141373,val,1
ms,1141398,val,1
ms,1141423,val,1
ms,1141448,val,1
ms,1141473,val,1
ms,1141498,val,1
ms,1141523,val,1
ms,1141548,val,1
ms,1141573,val,1
ms,1141598,val,1
ms,1141623,val,1
ms,1141648,val,0
ms,1141673,val,1
ms,1141698,val,1
ms,1141723,val,0
ms,1141748,val,1
ms,1141773,val,1
ms,1141798,val,1
ms,1141823,val,1
ms,1141848,val,1
ms,1141873,val,1
ms,1141898,val,1
ms,1141923,val,1
ms,1141948,val,1
ms,1141973,val,1
ms,1141998,val,1
ms,1142023,val,0
ms,1142048,val,1
ms,1142073,val,0
ms,1142098,val,1
ms,1142123,val,1
ms,1142148,val,1
ms,1142173,val,1
ms,1142198,val,1
ms,1142223,val,1
ms,1142248,val,1
ms,1142273,val,1
ms,1142298,val,1
ms,1142323,val,1
ms,1142348,val,1
ms,1142373,val,0
ms,1142398,val,1
ms,1142423,val,1
ms,1142448,val,0
ms,1142473,val,1
ms,1142498,val,1
ms,1142523,val,1
ms,1142548,val,1
ms,1142573,val,1
ms,1142598,val,1
ms,1142623,val,1
ms,1142648,val,1
ms,1142673,val,1
ms,1142698,val,1
ms,1142723,val,1
ms,1142748,val,1
ms,1142773,val,0
ms,1142798,val,1
ms,1142823,val,1
ms,1142848,val,1
ms,1142873,val,1
ms,1142898,val,1
ms,1142923,val,1
ms,1142948,val,0
ms,1142973,val,0
ms,1142998,val,1
ms,1143023,val,1
ms,1143048,val,1
ms,1143073,val,1
ms,1143098,val,1
ms,1143123,val,1
ms,1143148,val,1
ms,1143173,val,1
ms,1143198,val,1
ms,1143223,val,1
ms,1143248,val,1
ms,1143273,val,1
ms,1143298,val,1
ms,1143323,val,1
ms,1143348,val,0
ms,1143373,val,0
ms,1143398,val,0
ms,1143423,val,1
ms,1143448,val,1
ms,1143473,val,1
ms,1143498,val,1
ms,1143523,val,1
ms,1143548,val,1
ms,1143573,val,1
ms,1143598,val,1
ms,1143623,val,1
ms,1143648,val,1
ms,1143673,val,1
ms,1143698,val,1
ms,1143723,val,1
ms,1143748,val,1
ms,1143773,val,1
ms,1143798,val,1
ms,1143823,val,1
ms,1143848,val,0
ms,1143873,val,0
ms,1143898,val,1
ms,1143923,val,1
ms,1143948,val,1
ms,1143973,val,1
ms,1143998,val,1
ms,1144023,val,0
ms,1144048,val,0
ms,1144073,val,1
ms,1144098,val,1
ms,1144123,val,1
ms,1144148,val,1
ms,1144173,val,0
ms,1144198,val,1
ms,1144223,val,0
ms,1144248,val,1
ms,1144273,val,1
ms,1144298,val,1
ms,1144323,val,1
ms,1144348,val,1
ms,1144373,val,1
ms,1144398,val,1
ms,1144423,val,1
ms,1144448,val,1
ms,1144473,val,1
ms,1144498,val,1
ms,1144523,val,1
ms,1144548,val,0
ms,1144573,val,1
ms,1144598,val,1
ms,1144623,val,1
ms,1144648,val,1
ms,1144673,val,0
ms,1144698,val,1
ms,1144723,val,1
ms,1144748,val,1
ms,1144773,val,1
ms,1144798,val,1
ms,1144823,val,1
ms,1144848,val,1
ms,1144873,val,1
ms,1144898,val,0
ms,1144923,val,1
ms,1144948,val,0
ms,1144973,val,0
ms,1144998,val,1
ms,1145023,val,0
ms,1145048,val,1
ms,1145073,val,1
ms,1145098,val,1
ms,1145123,val,1
ms,1145148,val,1
ms,1145173,val,1
ms,1145198,val,1
ms,1145223,val,0
ms,1145248,val,1
ms,1145273,val,1
ms,1145298,val,1
ms,1145323,val,1
ms,1145348,val,1
ms,1145373,val,1
ms,1145398,val,1
ms,1145423,val,1
ms,1145448,val,1
ms,1145473,val,1
ms,1145498,val,1
ms,1145523,val,1
ms,1145548,val,1
ms,1145573,val,1
ms,1145598,val,0
ms,1145623,val,1
ms,1145648,val,1
ms,1145673,val,1
ms,1145698,val,1
ms,1145723,val,1
ms,1145748,val,1
ms,1145773,val,1
ms,1145798,val,0
ms,1145823,val,1
ms,1145848,val,1
ms,1145873,val,1
ms,1145898,val,1
ms,1145923,val,1
ms,1145948,val,1
ms,1145973,val,1
ms,1145998,val,1
ms,1146023,val,1
ms,1146048,val,0
ms,1146073,val,1
ms,1146098,val,0
ms,1146123,val,0
ms,1146148,val,1
ms,1146173,val,1
ms,1146198,val,1
ms,1146223,val,0
ms,1146248,val,1
ms,1146273,val,1
ms,1146298,val,1
ms,1146323,val,1
ms,1146348,val,0
ms,1146373,val,1
ms,1146398,val,1
ms,1146423,val,1
ms,1146448,val,0
ms,1146473,val,0
ms,1146498,val,1
ms,1146523,val,1
ms,1146548,val,1
ms,1146573,val,0
ms,1146598,val,1
ms,1146623,val,0
ms,1146648,val,1
ms,1146673,val,0
ms,1146698,val,1
ms,1146723,val,1
ms,1146748,val,1
ms,1146773,val,1
ms,1146798,val,1
ms,1146823,val,0
ms,1146848,val,1
ms,1146873,val,0
ms,1146898,val,0
ms,1146923,val,0
ms,1146948,val,1
ms,1146973,val,1
ms,1146998,val,1
ms,1147023,val,0
ms,1147048,val,1
ms,1147073,val,0
ms,1147098,val,0
ms,1147123,val,1
ms,1147148,val,1
ms,1147173,val,1
ms,1147198,val,1
ms,1147223,val,1
ms,1147248,val,1
ms,1147273,val,0
ms,1147298,val,1
ms,1147323,val,1
ms,1147348,val,1
ms,1147373,val,1
ms,1147398,val,0
ms,1147423,val,1
ms,1147448,val,0
ms,1147473,val,1
ms,1147498,val,0
ms,1147523,val,0
ms,1147548,val,1
ms,1147573,val,1
ms,1147598,val,1
ms,1147623,val,0
ms,1147648,val,1
ms,1147673,val,1
ms,1147698,val,1
ms,1147723,val,1
ms,1147748,val,0
ms,1147773,val,1
ms,1147798,val,1
ms,1147823,val,1
ms,1147848,val,1
ms,1147873,val,1
ms,1147898,val,1
ms,1147923,val,0
ms,1147948,val,1
ms,1147973,val,1
ms,1147998,val,1
ms,1148023,val,1
ms,1148048,val,1
ms,1148073,val,1
ms,1148098,val,1
ms,1148123,val,1
ms,1148148,val,1
ms,1148173,val,1
ms,1148198,val,0
ms,1148223,val,1
ms,1148248,val,1
ms,1148273,val,1
ms,1148298,val,1
ms,1148323,val,0
ms,1148348,val,0
ms,1148373,val,1
ms,1148398,val,1
ms,1148423,val,1
ms,1148448,val,1
ms,1148473,val,1
ms,1148498,val,1
ms,1148523,val,1
ms,1148548,val,1
ms,1148573,val,0
ms,1148598,val,1
ms,1148623,val,1
ms,1148648,val,1
ms,1148673,val,1
ms,1148698,val,1
ms,1148723,val,1
ms,1148748,val,1
ms,1148773,val,1
ms,1148798,val,0
ms,1148823,val,1
ms,1148848,val,1
ms,1148873,val,1
ms,1148898,val,1
ms,1148923,val,1
ms,1148948,val,0
ms,1148973,val,0
ms,1148998,val,1
ms,1149023,val,1
ms,1149048,val,1
ms,1149073,val,1
ms,1149098,val,1
ms,1149123,val,1
ms,1149148,val,1
ms,1149173,val,1
ms,1149198,val,1
ms,1149223,val,0
ms,1149248,val,1
ms,1149273,val,1
ms,1149298,val,1
ms,1149323,val,1
ms,1149348,val,1
ms,1149373,val,1
ms,1149398,val,1
ms,1149423,val,1
ms,1149448,val,0
ms,1149473,val,1
ms,1149498,val,1
ms,1149523,val,0
ms,1149548,val,0
ms,1149573,val,1
ms,1149598,val,1
ms,1149623,val,0
ms,1149648,val,1
ms,1149673,val,1
ms,1149698,val,1
ms,1149723,val,1
ms,1149748,val,1
ms,1149773,val,0
ms,1149798,val,1
ms,1149823,val,1
ms,1149848,val,0
ms,1149873,val,1
ms,1149898,val,1
ms,1149923,val,1
ms,1149948,val,1
ms,1149973,val,1
ms,1149998,val,1
ms,1150023,val,0
ms,1150048,val,1
ms,1150073,val,1
ms,1150098,val,1
ms,1150123,val,1
ms,1150148,val,1
ms,1150173,val,1
ms,1150198,val,1
ms,1150223,val,1
ms,1150248,val,1
ms,1150273,val,1
ms,1150298,val,1
ms,1150323,val,0
ms,1150348,val,1
ms,1150373,val,1
ms,1150398,val,1
ms,1150423,val,0
ms,1150448,val,0
ms,1150473,val,1
ms,1150498,val,1
ms,1150523,val,1
ms,1150548,val,1
ms,1150573,val,0
ms,1150598,val,1
ms,1150623,val,1
ms,1150648,val,1
ms,1150673,val,0
ms,1150698,val,1
ms,1150723,val,1
ms,1150748,val,1
ms,1150773,val,1
ms,1150798,val,1
ms,1150823,val,1
ms,1150848,val,1
ms,1150873,val,1
ms,1150898,val,1
ms,1150923,val,1
ms,1150948,val,1
ms,1150973,val,1
ms,1150998,val,1
ms,1151023,val,1
ms,1151048,val,0
ms,1151073,val,0
ms,1151098,val,1
ms,1151123,val,0
ms,1151148,val,1
ms,1151173,val,1
ms,1151198,val,1
ms,1151223,val,1
ms,1151248,val,0
ms,1151273,val,1
ms,1151298,val,1
ms,1151323,val,1
ms,1151348,val,1
ms,1151373,val,1
ms,1151398,val,1
ms,1151423,val,0
ms,1151448,val,1
ms,1151473,val,1
ms,1151498,val,0
ms,1151523,val,1
ms,1151548,val,0
ms,1151573,val,0
ms,1151598,val,1
ms,1151623,val,1
ms,1151648,val,1
ms,1151673,val,0
ms,1151698,val,1
ms,1151723,val,1
ms,1151748,val,1
ms,1151773,val,1
ms,1151798,val,1
ms,1151823,val,1
ms,1151848,val,1
ms,1151873,val,1
ms,1151898,val,1
ms,1151923,val,1
ms,1151948,val,0
ms,1151973,val,1
ms,1151998,val,0
ms,1152023,val,1
ms,1152048,val,1
ms,1152073,val,1
ms,1152098,val,1
ms,1152123,val,1
ms,1152148,val,1
ms,1152173,val,1
ms,1152198,val,1
ms,1152223,val,0
ms,1152248,val,1
ms,1152273,val,1
ms,1152298,val,1
ms,1152323,val,1
ms,1152348,val,1
ms,1152373,val,0
ms,1152398,val,1
ms,1152423,val,1
ms,1152448,val,1
ms,1152473,val,0
ms,1152498,val,0
ms,1152523,val,0
ms,1152548,val,0
ms,1152573,val,1
ms,1152598,val,1
ms,1152623,val,1
ms,1152648,val,0
ms,1152673,val,1
ms,1152698,val,1
ms,1152723,val,1
ms,1152748,val,0
ms,1152773,val,1
ms,1152798,val,1
ms,1152823,val,0
ms,1152848,val,1
ms,1152873,val,1
ms,1152898,val,1
ms,1152923,val,1
ms,1152948,val,1
ms,1152973,val,0
ms,1152998,val,0
ms,1153023,val,1
ms,1153048,val,1
ms,1153073,val,1
ms,1153098,val,1
ms,1153123,val,0
ms,1153148,val,1
ms,1153173,val,0
ms,1153198,val,1
ms,1153223,val,1
ms,1153248,val,1
ms,1153273,val,1
ms,1153298,val,1
ms,1153323,val,0
ms,1153348,val,1
ms,1153373,val,1
ms,1153398,val,1
ms,1153423,val,1
ms,1153448,val,1
ms,1153473,val,1
ms,1153498,val,1
ms,1153523,val,1
ms,1153548,val,1
ms,1153573,val,1
ms,1153598,val,1
ms,1153623,val,1
ms,1153648,val,1
ms,1153673,val,1
ms,1153698,val,0
ms,1153723,val,1
ms,1153748,val,1
ms,1153773,val,1
ms,1153798,val,1
ms,1153823,val,1
ms,1153848,val,1
ms,1153873,val,1
ms,1153898,val,1
ms,1153923,val,1
ms,1153948,val,1
ms,1153973,val,1
ms,1153998,val,1
ms,1154023,val,1
ms,1154048,val,1
ms,1154073,val,1
ms,1154098,val,1
ms,1154123,val,1
ms,1154148,val,1
ms,1154173,val,1
ms,1154198,val,1
ms,1154223,val,1
ms,1154248,val,1
ms,1154273,val,1
ms,1154298,val,1
ms,1154323,val,0
ms,1154348,val,1
ms,1154373,val,1
ms,1154398,val,1
ms,1154423,val,1
ms,1154448,val,1
ms,1154473,val,1
ms,1154498,val,1
ms,1154523,val,1
ms,1154548,val,0
ms,1154573,val,1
ms,1154598,val,1
ms,1154623,val,1
ms,1154648,val,1
ms,1154673,val,1
ms,1154698,val,1
ms,1154723,val,1
ms,1154748,val,1
ms,1154773,val,1
ms,1154798,val,1
ms,1154823,val,0
ms,1154848,val,1
ms,1154873,val,1
ms,1154898,val,1
ms,1154923,val,1
ms,1154948,val,0
ms,1154973,val,1
ms,1154998,val,0
ms,1155023,val,0
ms,1155048,val,1
ms,1155073,val,0
ms,1155098,val,1
ms,1155123,val,1
ms,1155148,val,1
ms,1155173,val,1
ms,1155198,val,1
ms,1155223,val,1
ms,1155248,val,1
ms,1155273,val,1
ms,1155298,val,1
ms,1155323,val,0
ms,1155348,val,1
ms,1155373,val,1
ms,1155398,val,0
ms,1155423,val,1
ms,1155448,val,1
ms,1155473,val,1
ms,1155498,val,1
ms,1155523,val,1
ms,1155548,val,1
ms,1155573,val,1
ms,1155598,val,1
ms,1155623,val,1
ms,1155648,val,1
ms,1155673,val,0
ms,1155698,val,1
ms,1155723,val,1
ms,1155748,val,1
ms,1155773,val,1
ms,1155798,val,1
ms,1155823,val,1
ms,1155848,val,1
ms,1155873,val,1
ms,1155898,val,1
ms,1155923,val,1
ms,1155948,val,1
ms,1155973,val,1
ms,1155998,val,1
ms,1156023,val,0
ms,1156048,val,1
ms,1156073,val,1
ms,1156098,val,1
ms,1156123,val,1
ms,1156148,val,1
ms,1156173,val,1
ms,1156198,val,1
ms,1156223,val,0
ms,1156248,val,0
ms,1156273,val,0
ms,1156298,val,0
ms,1156323,val,0
ms,1156348,val,0
ms,1156373,val,1
ms,1156398,val,1
ms,1156423,val,1
ms,1156448,val,1
ms,1156473,val,1
ms,1156498,val,1
ms,1156523,val,1
ms,1156548,val,1
ms,1156573,val,1
ms,1156598,val,1
ms,1156623,val,1
ms,1156648,val,1
ms,1156673,val,0
ms,1156698,val,1
ms,1156723,val,1
ms,1156748,val,0
ms,1156773,val,1
ms,1156798,val,1
ms,1156823,val,1
ms,1156848,val,1
ms,1156873,val,1
ms,1156898,val,1
ms,1156923,val,1
ms,1156948,val,0
ms,1156973,val,1
ms,1156998,val,1
ms,1157023,val,1
ms,1157048,val,1
ms,1157073,val,1
ms,1157098,val,1
ms,1157123,val,1
ms,1157148,val,1
ms,1157173,val,1
ms,1157198,val,1
ms,1157223,val,1
ms,1157248,val,1
ms,1157273,val,0
ms,1157298,val,1
ms,1157323,val,1
ms,1157348,val,0
ms,1157373,val,1
ms,1157398,val,1
ms,1157423,val,1
ms,1157448,val,1
ms,1157473,val,1
ms,1157498,val,1
ms,1157523,val,1
ms,1157548,val,1
ms,1157573,val,1
ms,1157598,val,0
ms,1157623,val,1
ms,1157648,val,1
ms,1157673,val,1
ms,1157698,val,1
ms,1157723,val,1
ms,1157748,val,1
ms,1157773,val,1
ms,1157798,val,1
ms,1157823,val,1
ms,1157848,val,1
ms,1157873,val,1
ms,1157898,val,1
ms,1157923,val,1
ms,1157948,val,1
ms,1157973,val,1
ms,1157998,val,1
ms,1158023,val,1
ms,1158048,val,1
ms,1158073,val,1
ms,1158098,val,1
ms,1158123,val,1
ms,1158148,val,1
ms,1158173,val,1
ms,1158198,val,0
ms,1158223,val,0
ms,1158248,val,0
ms,1158273,val,0
ms,1158298,val,1
ms,1158323,val,1
ms,1158348,val,1
ms,1158373,val,1
ms,1158398,val,1
ms,1158423,val,1
ms,1158448,val,0
ms,1158473,val,1
ms,1158498,val,0
ms,1158523,val,1
ms,1158548,val,1
ms,1158573,val,1
ms,1158598,val,1
ms,1158623,val,1
ms,1158648,val,1
ms,1158673,val,1
ms,1158698,val,0
ms,1158723,val,1
ms,1158748,val,0
ms,1158773,val,1
ms,1158798,val,0
ms,1158823,val,1
ms,1158848,val,1
ms,1158873,val,1
ms,1158898,val,1
ms,1158923,val,1
ms,1158948,val,1
ms,1158973,val,1
ms,1158998,val,1
ms,1159023,val,1
ms,1159048,val,1
ms,1159073,val,1
ms,1159098,val,1
ms,1159123,val,1
ms,1159148,val,1
ms,1159173,val,0
ms,1159198,val,1
ms,1159223,val,0
ms,1159248,val,1
ms,1159273,val,1
ms,1159298,val,1
ms,1159323,val,1
ms,1159348,val,0
ms,1159373,val,1
ms,1159398,val,1
ms,1159423,val,1
ms,1159448,val,1
ms,1159473,val,1
ms,1159498,val,1
ms,1159523,val,1
ms,1159548,val,1
ms,1159573,val,1
ms,1159598,val,1
ms,1159623,val,1
ms,1159648,val,1
ms,1159673,val,1
ms,1159698,val,1
ms,1159723,val,1
ms,1159748,val,0
ms,1159773,val,1
ms,1159798,val,0
ms,1159823,val,1
ms,1159848,val,1
ms,1159873,val,0
ms,1159898,val,1
ms,1159923,val,1
ms,1159948,val,1
ms,1159973,val,1
ms,1159998,val,1
ms,1160023,val,0
ms,1160048,val,1
ms,1160073,val,1
ms,1160098,val,1
ms,1160123,val,1
ms,1160148,val,1
ms,1160173,val,1
ms,1160198,val,1
ms,1160223,val,0
ms,1160248,val,1
ms,1160273,val,1
ms,1160298,val,1
ms,1160323,val,1
ms,1160348,val,1
ms,1160373,val,1
ms,1160398,val,1
ms,1160423,val,0
ms,1160448,val,1
ms,1160473,val,1
ms,1160498,val,1
ms,1160523,val,1
ms,1160548,val,1
ms,1160573,val,1
ms,1160598,val,1
ms,1160623,val,1
ms,1160648,val,1
ms,1160673,val,1
ms,1160698,val,1
ms,1160723,val,1
ms,1160748,val,1
ms,1160773,val,1
ms,1160798,val,1
ms,1160823,val,1
ms,1160848,val,1
ms,1160873,val,1
ms,1160898,val,1
ms,1160923,val,1
ms,1160948,val,1
ms,1160973,val,0
ms,1160998,val,1
ms,1161023,val,1
ms,1161048,val,1
ms,1161073,val,1
ms,1161098,val,1
ms,1161123,val,1
ms,1161148,val,1
ms,1161173,val,1
ms,1161198,val,1
ms,1161223,val,1
ms,1161248,val,1
ms,1161273,val,1
ms,1161298,val,1
ms,1161323,val,1
ms,1161348,val,1
ms,1161373,val,1
ms,1161398,val,1
ms,1161423,val,1
ms,1161448,val,1
ms,1161473,val,1
ms,1161498,val,0
ms,1161523,val,1
ms,1161548,val,1
ms,1161573,val,1
ms,1161598,val,0
ms,1161623,val,1
ms,1161648,val,1
ms,1161673,val,0
ms,1161698,val,1
ms,1161723,val,1
ms,1161748,val,1
ms,1161773,val,1
ms,1161798,val,1
ms,1161823,val,1
ms,1161848,val,0
ms,1161873,val,1
ms,1161898,val,1
ms,1161923,val,1
ms,1161948,val,1
ms,1161973,val,1
ms,1161998,val,1
ms,1162023,val,1
ms,1162048,val,1
ms,1162073,val,1
ms,1162098,val,1
ms,1162123,val,1
ms,1162148,val,1
ms,1162173,val,0
ms,1162198,val,1
ms,1162223,val,1
ms,1162248,val,1
ms,1162273,val,1
ms,1162298,val,1
ms,1162323,val,1
ms,1162348,val,1
ms,1162373,val,1
ms,1162398,val,0
ms,1162423,val,1
ms,1162448,val,1
ms,1162473,val,1
ms,1162498,val,0
ms,1162523,val,1
ms,1162548,val,1
ms,1162573,val,1
ms,1162598,val,1
ms,1162623,val,1
ms,1162648,val,1
ms,1162673,val,0
ms,1162698,val,1
ms,1162723,val,1
ms,1162748,val,1
ms,1162773,val,1
ms,1162798,val,1
ms,1162823,val,1
ms,1162848,val,1
ms,1162873,val,1
ms,1162898,val,1
ms,1162923,val,1
ms,1162948,val,1
ms,1162973,val,1
ms,1162998,val,1
ms,1163023,val,1
ms,1163048,val,1
ms,1163073,val,1
ms,1163098,val,1
ms,1163123,val,1
ms,1163148,val,1
ms,1163173,val,1
ms,1163198,val,0
ms,1163223,val,1
ms,1163248,val,1
ms,1163273,val,1
ms,1163298,val,1
ms,1163323,val,1
ms,1163348,val,1
ms,1163373,val,1
ms,1163398,val,1
ms,1163423,val,1
ms,1163448,val,1
ms,1163473,val,1
ms,1163498,val,1
ms,1163523,val,1
ms,1163548,val,1
ms,1163573,val,1
ms,1163598,val,0
ms,1163623,val,1
ms,1163648,val,1
ms,1163673,val,1
ms,1163698,val,0
ms,1163723,val,0
ms,1163748,val,1
ms,1163773,val,1
ms,1163798,val,1
ms,1163823,val,1
ms,1163848,val,1
ms,1163873,val,1
ms,1163898,val,1
ms,1163923,val,1
ms,1163948,val,1
ms,1163973,val,1
ms,1163998,val,1
ms,1164023,val,0
ms,1164048,val,1
ms,1164073,val,1
ms,1164098,val,1
ms,1164123,val,1
ms,1164148,val,1
ms,1164173,val,1
ms,1164198,val,0
ms,1164223,val,0
ms,1164248,val,1
ms,1164273,val,1
ms,1164298,val,1
ms,1164323,val,0
ms,1164348,val,1
ms,1164373,val,1
ms,1164398,val,1
ms,1164423,val,1
ms,1164448,val,1
ms,1164473,val,1
ms,1164498,val,1
ms,1164523,val,1
ms,1164548,val,0
ms,1164573,val,0
ms,1164598,val,1
ms,1164623,val,0
ms,1164648,val,1
ms,1164673,val,1
ms,1164698,val,1
ms,1164723,val,1
ms,1164748,val,1
ms,1164773,val,1
ms,1164798,val,1
ms,1164823,val,1
ms,1164848,val,1
ms,1164873,val,1
ms,1164898,val,1
ms,1164923,val,0
ms,1164948,val,0
ms,1164973,val,0
ms,1164998,val,1
ms,1165023,val,0
ms,1165048,val,0
ms,1165073,val,1
ms,1165098,val,0
ms,1165123,val,0
ms,1165148,val,1
ms,1165173,val,1
ms,1165198,val,0
ms,1165223,val,1
ms,1165248,val,1
ms,1165273,val,1
ms,1165298,val,1
ms,1165323,val,1
ms,1165348,val,1
ms,1165373,val,1
ms,1165398,val,1
ms,1165423,val,1
ms,1165448,val,0
ms,1165473,val,1
ms,1165498,val,1
ms,1165523,val,1
ms,1165548,val,1
ms,1165573,val,1
ms,1165598,val,1
ms,1165623,val,1
ms,1165648,val,1
ms,1165673,val,1
ms,1165698,val,1
ms,1165723,val,1
ms,1165748,val,1
ms,1165773,val,1
ms,1165798,val,1
ms,1165823,val,1
ms,1165848,val,1
ms,1165873,val,0
ms,1165898,val,1
ms,1165923,val,1
ms,1165948,val,1
ms,1165973,val,0
ms,1165998,val,0
ms,1166023,val,1
ms,1166048,val,1
ms,1166073,val,1
ms,1166098,val,0
ms,1166123,val,1
ms,1166148,val,1
ms,1166173,val,1
ms,1166198,val,1
ms,1166223,val,1
ms,1166248,val,0
ms,1166273,val,1
ms,1166298,val,1
ms,1166323,val,1
ms,1166348,val,0
ms,1166373,val,1
ms,1166398,val,1
ms,1166423,val,1
ms,1166448,val,1
ms,1166473,val,1
ms,1166498,val,1
ms,1166523,val,1
ms,1166548,val,1
ms,1166573,val,1
ms,1166598,val,0
ms,1166623,val,1
ms,1166648,val,1
ms,1166673,val,1
ms,1166698,val,0
ms,1166723,val,1
ms,1166748,val,1
ms,1166773,val,0
ms,1166798,val,1
ms,1166823,val,0
ms,1166848,val,1
ms,1166873,val,1
ms,1166898,val,1
ms,1166923,val,1
ms,1166948,val,1
ms,1166973,val,1
ms,1166998,val,1
ms,1167023,val,1
ms,1167048,val,1
ms,1167073,val,0
ms,1167098,val,1
ms,1167123,val,1
ms,1167148,val,1
ms,1167173,val,1
ms,1167198,val,1
ms,1167223,val,1
ms,1167248,val,0
ms,1167273,val,1
ms,1167298,val,1
ms,1167323,val,1
ms,1167348,val,1
ms,1167373,val,1
ms,1167398,val,1
ms,1167423,val,0
ms,1167448,val,0
ms,1167473,val,0
ms,1167498,val,1
ms,1167523,val,1
ms,1167548,val,1
ms,1167573,val,1
ms,1167598,val,1
ms,1167623,val,0
ms,1167648,val,1
ms,1167673,val,0
ms,1167698,val,1
ms,1167723,val,1
ms,1167748,val,1
ms,1167773,val,1
ms,1167798,val,1
ms,1167823,val,1
ms,1167848,val,0
ms,1167873,val,0
ms,1167898,val,1
ms,1167923,val,1
ms,1167948,val,1
ms,1167973,val,0
ms,1167998,val,1
ms,1168023,val,0
ms,1168048,val,1
ms,1168073,val,1
ms,1168098,val,1
ms,1168123,val,1
ms,1168148,val,1
ms,1168173,val,1
ms,1168198,val,1
ms,1168223,val,1
ms,1168248,val,1
ms,1168273,val,1
ms,1168298,val,1
ms,1168323,val,1
ms,1168348,val,1
ms,1168373,val,1
ms,1168398,val,0
ms,1168423,val,0
ms,1168448,val,1
ms,1168473,val,1
ms,1168498,val,1
ms,1168523,val,1
ms,1168548,val,1
ms,1168573,val,1
ms,1168598,val,1
ms,1168623,val,1
ms,1168648,val,1
ms,1168673,val,1
ms,1168698,val,1
ms,1168723,val,1
ms,1168748,val,1
ms,1168773,val,1
ms,1168798,val,1
ms,1168823,val,1
ms,1168848,val,0
ms,1168873,val,1
ms,1168898,val,1
ms,1168923,val,1
ms,1168948,val,1
ms,1168973,val,0
ms,1168998,val,1
ms,1169023,val,1
ms,1169048,val,1
ms,1169073,val,0
ms,1169098,val,0
ms,1169123,val,1
ms,1169148,val,0
ms,1169173,val,1
ms,1169198,val,1
ms,1169223,val,1
ms,1169248,val,1
ms,1169273,val,0
ms,1169298,val,1
ms,1169323,val,1
ms,1169348,val,1
ms,1169373,val,1
ms,1169398,val,1
ms,1169423,val,1
ms,1169448,val,1
ms,1169473,val,1
ms,1169498,val,1
ms,1169523,val,1
ms,1169548,val,0
ms,1169573,val,1
ms,1169598,val,1
ms,1169623,val,0
ms,1169648,val,1
ms,1169673,val,0
ms,1169698,val,1
ms,1169723,val,1
ms,1169748,val,1
ms,1169773,val,1
ms,1169798,val,1
ms,1169823,val,1
ms,1169848,val,1
ms,1169873,val,1
ms,1169898,val,1
ms,1169923,val,0
ms,1169948,val,1
ms,1169973,val,1
ms,1169998,val,1
ms,1170023,val,0
ms,1170048,val,0
ms,1170073,val,1
ms,1170098,val,1
ms,1170123,val,1
ms,1170148,val,0
ms,1170173,val,1
ms,1170198,val,1
ms,1170223,val,1
ms,1170248,val,1
ms,1170273,val,1
ms,1170298,val,1
ms,1170323,val,0
ms,1170348,val,1
ms,1170373,val,1
ms,1170398,val,1
ms,1170423,val,1
ms,1170448,val,0
ms,1170473,val,1
ms,1170498,val,1
ms,1170523,val,1
ms,1170548,val,1
ms,1170573,val,1
ms,1170598,val,1
ms,1170623,val,1
ms,1170648,val,1
ms,1170673,val,1
ms,1170698,val,1
ms,1170723,val,1
ms,1170748,val,1
ms,1170773,val,0
ms,1170798,val,1
ms,1170823,val,1
ms,1170848,val,1
ms,1170873,val,1
ms,1170898,val,0
ms,1170923,val,1
ms,1170948,val,1
ms,1170973,val,1
ms,1170998,val,0
ms,1171023,val,1
ms,1171048,val,0
ms,1171073,val,1
ms,1171098,val,1
ms,1171123,val,1
ms,1171148,val,1
ms,1171173,val,1
ms,1171198,val,1
ms,1171223,val,1
ms,1171248,val,0
ms,1171273,val,1
ms,1171298,val,0
ms,1171323,val,0
ms,1171348,val,1
ms,1171373,val,1
ms,1171398,val,1
ms,1171423,val,1
ms,1171448,val,1
ms,1171473,val,1
ms,1171498,val,1
ms,1171523,val,1
ms,1171548,val,0
ms,1171573,val,1
ms,1171598,val,1
ms,1171623,val,0
ms,1171648,val,0
ms,1171673,val,1
ms,1171698,val,1
ms,1171723,val,1
ms,1171748,val,1
ms,1171773,val,1
ms,1171798,val,1
ms,1171823,val,1
ms,1171848,val,1
ms,1171873,val,1
ms,1171898,val,1
ms,1171923,val,1
ms,1171948,val,1
ms,1171973,val,1
ms,1171998,val,1
ms,1172023,val,1
ms,1172048,val,1
ms,1172073,val,1
ms,1172098,val,1
ms,1172123,val,1
ms,1172148,val,0
ms,1172173,val,1
ms,1172198,val,1
ms,1172223,val,1
ms,1172248,val,1
ms,1172273,val,0
ms,1172298,val,1
ms,1172323,val,1
ms,1172348,val,1
ms,1172373,val,1
ms,1172398,val,1
ms,1172423,val,1
ms,1172448,val,1
ms,1172473,val,1
ms,1172498,val,1
ms,1172523,val,1
ms,1172548,val,1
ms,1172573,val,1
ms,1172598,val,1
ms,1172623,val,1
ms,1172648,val,1
ms,1172673,val,1
ms,1172698,val,0
ms,1172723,val,1
ms,1172748,val,1
ms,1172773,val,1
ms,1172798,val,1
ms,1172823,val,1
ms,1172848,val,1
ms,1172873,val,1
ms,1172898,val,1
ms,1172923,val,0
ms,1172948,val,0
ms,1172973,val,1
ms,1172998,val,0
ms,1173023,val,1
ms,1173048,val,1
ms,1173073,val,0
ms,1173098,val,1
ms,1173123,val,1
ms,1173148,val,1
ms,1173173,val,1
ms,1173198,val,1
ms,1173223,val,1
ms,1173248,val,0
ms,1173273,val,0
ms,1173298,val,0
ms,1173323,val,0
ms,1173348,val,1
ms,1173373,val,0
ms,1173398,val,1
ms,1173423,val,1
ms,1173448,val,1
ms,1173473,val,1
ms,1173498,val,1
ms,1173523,val,1
ms,1173548,val,1
ms,1173573,val,1
ms,1173598,val,1
ms,1173623,val,1
ms,1173648,val,1
ms,1173673,val,1
ms,1173698,val,1
ms,1173723,val,1
ms,1173748,val,1
ms,1173773,val,1
ms,1173798,val,1
ms,1173823,val,1
ms,1173848,val,1
ms,1173873,val,1
ms,1173898,val,1
ms,1173923,val,0
ms,1173948,val,0
ms,1173973,val,1
ms,1173998,val,1
ms,1174023,val,1
ms,1174048,val,1
ms,1174073,val,1
ms,1174098,val,1
ms,1174123,val,1
ms,1174148,val,1
ms,1174173,val,0
ms,1174198,val,0
ms,1174223,val,0
ms,1174248,val,1
ms,1174273,val,1
ms,1174298,val,1
ms,1174323,val,1
ms,1174348,val,0
ms,1174373,val,1
ms,1174398,val,0
ms,1174423,val,1
ms,1174448,val,0
ms,1174473,val,1
ms,1174498,val,0
ms,1174523,val,1
ms,1174548,val,1
ms,1174573,val,0
ms,1174598,val,0
ms,1174623,val,1
ms,1174648,val,1
ms,1174673,val,1
ms,1174698,val,1
ms,1174723,val,1
ms,1174748,val,1
ms,1174773,val,1
ms,1174798,val,1
ms,1174823,val,1
ms,1174848,val,1
ms,1174873,val,1
ms,1174898,val,1
ms,1174923,val,0
ms,1174948,val,1
ms,1174973,val,1
ms,1174998,val,1
ms,1175023,val,1
ms,1175048,val,1
ms,1175073,val,1
ms,1175098,val,1
ms,1175123,val,0
ms,1175148,val,0
ms,1175173,val,0
ms,1175198,val,1
ms,1175223,val,1
ms,1175248,val,1
ms,1175273,val,1
ms,1175298,val,0
ms,1175323,val,0
ms,1175348,val,1
ms,1175373,val,1
ms,1175398,val,1
ms,1175423,val,1
ms,1175448,val,1
ms,1175473,val,1
ms,1175498,val,1
ms,1175523,val,1
ms,1175548,val,1
ms,1175573,val,1
ms,1175598,val,1
ms,1175623,val,1
ms,1175648,val,1
ms,1175673,val,1
ms,1175698,val,1
ms,1175723,val,0
ms,1175748,val,1
ms,1175773,val,1
ms,1175798,val,1
ms,1175823,val,0
ms,1175848,val,1
ms,1175873,val,1
ms,1175898,val,1
ms,1175923,val,1
ms,1175948,val,1
ms,1175973,val,1
ms,1175998,val,1
ms,1176023,val,1
ms,1176048,val,1
ms,1176073,val,1
ms,1176098,val,1
ms,1176123,val,1
ms,1176148,val,1
ms,1176173,val,0
ms,1176198,val,1
ms,1176223,val,1
ms,1176248,val,1
ms,1176273,val,1
ms,1176298,val,0
ms,1176323,val,0
ms,1176348,val,1
ms,1176373,val,1
ms,1176398,val,1
ms,1176423,val,1
ms,1176448,val,1
ms,1176473,val,0
ms,1176498,val,1
ms,1176523,val,0
ms,1176548,val,1
ms,1176573,val,1
ms,1176598,val,1
ms,1176623,val,0
ms,1176648,val,1
ms,1176673,val,1
ms,1176698,val,1
ms,1176723,val,0
ms,1176748,val,0
ms,1176773,val,1
ms,1176798,val,1
ms,1176823,val,1
ms,1176848,val,1
ms,1176873,val,1
ms,1176898,val,1
ms,1176923,val,1
ms,1176948,val,1
ms,1176973,val,1
ms,1176998,val,0
ms,1177023,val,0
ms,1177048,val,0
ms,1177073,val,1
ms,1177098,val,1
ms,1177123,val,0
ms,1177148,val,0
ms,1177173,val,1
ms,1177198,val,1
ms,1177223,val,0
ms,1177248,val,0
ms,1177273,val,0
ms,1177298,val,1
ms,1177323,val,1
ms,1177348,val,1
ms,1177373,val,1
ms,1177398,val,1
ms,1177423,val,1
ms,1177448,val,1
ms,1177473,val,1
ms,1177498,val,1
ms,1177523,val,1
ms,1177548,val,1
ms,1177573,val,0
ms,1177598,val,1
ms,1177623,val,1
ms,1177648,val,1
ms,1177673,val,1
ms,1177698,val,1
ms,1177723,val,1
ms,1177748,val,1
ms,1177773,val,1
ms,1177798,val,1
ms,1177823,val,1
ms,1177848,val,1
ms,1177873,val,1
ms,1177898,val,1
ms,1177923,val,1
ms,1177948,val,1
ms,1177973,val,1
ms,1177998,val,1
ms,1178023,val,0
ms,1178048,val,1
ms,1178073,val,1
ms,1178098,val,1
ms,1178123,val,1
ms,1178148,val,1
ms,1178173,val,1
ms,1178198,val,1
ms,1178223,val,1
ms,1178248,val,1
ms,1178273,val,0
ms,1178298,val,0
ms,1178323,val,0
ms,1178348,val,1
ms,1178373,val,0
ms,1178398,val,1
ms,1178423,val,1
ms,1178448,val,1
ms,1178473,val,0
ms,1178498,val,1
ms,1178523,val,1
ms,1178548,val,1
ms,1178573,val,1
ms,1178598,val,1
ms,1178623,val,1
ms,1178648,val,0
ms,1178673,val,1
ms,1178698,val,1
ms,1178723,val,1
ms,1178748,val,0
ms,1178773,val,0
ms,1178798,val,0
ms,1178823,val,0
ms,1178848,val,1
ms,1178873,val,1
ms,1178898,val,1
ms,1178923,val,1
ms,1178948,val,1
ms,1178973,val,1
ms,1178998,val,1
ms,1179023,val,1
ms,1179048,val,1
ms,1179073,val,1
ms,1179098,val,0
ms,1179123,val,0
ms,1179148,val,0
ms,1179173,val,1
ms,1179198,val,0
ms,1179223,val,1
ms,1179248,val,1
ms,1179273,val,1
ms,1179298,val,1
ms,1179323,val,1
ms,1179348,val,1
ms,1179373,val,1
ms,1179398,val,1
ms,1179423,val,1
ms,1179448,val,1
ms,1179473,val,1
ms,1179498,val,1
ms,1179523,val,1
ms,1179548,val,1
ms,1179573,val,1
ms,1179598,val,1
ms,1179623,val,1
ms,1179648,val,1
ms,1179673,val,1
ms,1179698,val,1
ms,1179723,val,1
ms,1179748,val,0
ms,1179773,val,1
ms,1179798,val,0
ms,1179823,val,0
ms,1179848,val,0
ms,1179873,val,0
ms,1179898,val,0
ms,1179923,val,1
ms,1179948,val,0
ms,1179973,val,1
ms,1179998,val,1
ms,1180023,val,1
ms,1180048,val,0
ms,1180073,val,1
ms,1180098,val,1
ms,1180123,val,1
ms,1180148,val,1
ms,1180173,val,1
ms,1180198,val,1
ms,1180223,val,1
ms,1180248,val,1
ms,1180273,val,1
ms,1180298,val,1
ms,1180323,val,1
ms,1180348,val,1
ms,1180373,val,1
ms,1180398,val,1
ms,1180423,val,1
ms,1180448,val,1
ms,1180473,val,1
ms,1180498,val,1
ms,1180523,val,1
ms,1180548,val,0
ms,1180573,val,1
ms,1180598,val,1
ms,1180623,val,1
ms,1180648,val,1
ms,1180673,val,1
ms,1180698,val,1
ms,1180723,val,0
ms,1180748,val,0
ms,1180773,val,1
ms,1180798,val,1
ms,1180823,val,1
ms,1180848,val,1
ms,1180873,val,1
ms,1180898,val,1
ms,1180923,val,1
ms,1180948,val,1
ms,1180973,val,1
ms,1180998,val,1
ms,1181023,val,1
ms,1181048,val,1
ms,1181073,val,1
ms,1181098,val,1
ms,1181123,val,0
ms,1181148,val,1
ms,1181173,val,1
ms,1181198,val,1
ms,1181223,val,1
ms,1181248,val,1
ms,1181273,val,1
ms,1181298,val,1
ms,1181323,val,1
ms,1181348,val,0
ms,1181373,val,0
ms,1181398,val,0
ms,1181423,val,1
ms,1181448,val,0
ms,1181473,val,1
ms,1181498,val,1
ms,1181523,val,0
ms,1181548,val,0
ms,1181573,val,1
ms,1181598,val,1
ms,1181623,val,1
ms,1181648,val,1
ms,1181673,val,0
ms,1181698,val,1
ms,1181723,val,1
ms,1181748,val,1
ms,1181773,val,1
ms,1181798,val,1
ms,1181823,val,1
ms,1181848,val,0
ms,1181873,val,0
ms,1181898,val,1
ms,1181923,val,1
ms,1181948,val,1
ms,1181973,val,1
ms,1181998,val,0
ms,1182023,val,1
ms,1182048,val,0
ms,1182073,val,0
ms,1182098,val,0
ms,1182123,val,0
ms,1182148,val,1
ms,1182173,val,1
ms,1182198,val,0
ms,1182223,val,1
ms,1182248,val,0
ms,1182273,val,0
ms,1182298,val,1
ms,1182323,val,1
ms,1182348,val,1
ms,1182373,val,1
ms,1182398,val,1
ms,1182423,val,0
ms,1182448,val,1
ms,1182473,val,0
ms,1182498,val,0
ms,1182523,val,1
ms,1182548,val,1
ms,1182573,val,1
ms,1182598,val,1
ms,1182623,val,1
ms,1182648,val,1
ms,1182673,val,1
ms,1182698,val,1
ms,1182723,val,1
ms,1182748,val,0
ms,1182773,val,1
ms,1182798,val,1
ms,1182823,val,1
ms,1182848,val,1
ms,1182873,val,1
ms,1182898,val,1
ms,1182923,val,1
ms,1182948,val,1
ms,1182973,val,1
ms,1182998,val,1
ms,1183023,val,1
ms,1183048,val,1
ms,1183073,val,1
ms,1183098,val,1
ms,1183123,val,0
ms,1183148,val,1
ms,1183173,val,1
ms,1183198,val,1
ms,1183223,val,1
ms,1183248,val,1
ms,1183273,val,1
ms,1183298,val,1
ms,1183323,val,1
ms,1183348,val,1
ms,1183373,val,1
ms,1183398,val,1
ms,1183423,val,1
ms,1183448,val,0
ms,1183473,val,0
ms,1183498,val,1
ms,1183523,val,1
ms,1183548,val,1
ms,1183573,val,1
ms,1183598,val,0
ms,1183623,val,1
ms,1183648,val,0
ms,1183673,val,1
ms,1183698,val,0
ms,1183723,val,1
ms,1183748,val,1
ms,1183773,val,1
ms,1183798,val,1
ms,1183823,val,1
ms,1183848,val,1
ms,1183873,val,1
ms,1183898,val,1
ms,1183923,val,1
ms,1183948,val,1
ms,1183973,val,1
ms,1183998,val,1
ms,1184023,val,1
ms,1184048,val,1
ms,1184073,val,1
ms,1184098,val,0
ms,1184123,val,1
ms,1184148,val,1
ms,1184173,val,1
ms,1184198,val,1
ms,1184223,val,1
ms,1184248,val,1
ms,1184273,val,1
ms,1184298,val,1
ms,1184323,val,1
ms,1184348,val,1
ms,1184373,val,1
ms,1184398,val,1
ms,1184423,val,1
ms,1184448,val,1
ms,1184473,val,1
ms,1184498,val,1
ms,1184523,val,1
ms,1184548,val,0
ms,1184573,val,1
ms,1184598,val,1
ms,1184623,val,1
ms,1184648,val,0
ms,1184673,val,1
ms,1184698,val,1
ms,1184723,val,1
ms,1184748,val,1
ms,1184773,val,0
ms,1184798,val,1
ms,1184823,val,1
ms,1184848,val,1
ms,1184873,val,1
ms,1184898,val,1
ms,1184923,val,1
ms,1184948,val,1
ms,1184973,val,1
ms,1184998,val,1
ms,1185023,val,1
ms,1185048,val,1
ms,1185073,val,1
ms,1185098,val,1
ms,1185123,val,1
ms,1185148,val,1
ms,1185173,val,0
ms,1185198,val,0
ms,1185223,val,0
ms,1185248,val,1
ms,1185273,val,1
ms,1185298,val,1
ms,1185323,val,0
ms,1185348,val,1
ms,1185373,val,1
ms,1185398,val,1
ms,1185423,val,1
ms,1185448,val,1
ms,1185473,val,1
ms,1185498,val,1
ms,1185523,val,1
ms,1185548,val,1
ms,1185573,val,1
ms,1185598,val,0
ms,1185623,val,0
ms,1185648,val,1
ms,1185673,val,1
ms,1185698,val,1
ms,1185723,val,1
ms,1185748,val,1
ms,1185773,val,0
ms,1185798,val,1
ms,1185823,val,1
ms,1185848,val,1
ms,1185873,val,1
ms,1185898,val,0
ms,1185923,val,0
ms,1185948,val,1
ms,1185973,val,1
ms,1185998,val,1
ms,1186023,val,1
ms,1186048,val,1
ms,1186073,val,1
ms,1186098,val,1
ms,1186123,val,1
ms,1186148,val,1
ms,1186173,val,1
ms,1186198,val,1
ms,1186223,val,0
ms,1186248,val,1
ms,1186273,val,1
ms,1186298,val,1
ms,1186323,val,0
ms,1186348,val,1
ms,1186373,val,1
ms,1186398,val,1
ms,1186423,val,1
ms,1186448,val,1
ms,1186473,val,1
ms,1186498,val,1
ms,1186523,val,1
ms,1186548,val,1
ms,1186573,val,1
ms,1186598,val,1
ms,1186623,val,1
ms,1186648,val,1
ms,1186673,val,1
ms,1186698,val,1
ms,1186723,val,1
ms,1186748,val,1
ms,1186773,val,1
ms,1186798,val,1
ms,1186823,val,0
ms,1186848,val,1
ms,1186873,val,1
ms,1186898,val,1
ms,1186923,val,1
ms,1186948,val,0
ms,1186973,val,0
ms,1186998,val,1
ms,1187023,val,0
ms,1187048,val,0
ms,1187073,val,1
ms,1187098,val,1
ms,1187123,val,1
ms,1187148,val,1
ms,1187173,val,1
ms,1187198,val,1
ms,1187223,val,1
ms,1187248,val,1
ms,1187273,val,0
ms,1187298,val,0
ms,1187323,val,1
ms,1187348,val,1
ms,1187373,val,1
ms,1187398,val,1
ms,1187423,val,1
ms,1187448,val,1
ms,1187473,val,0
ms,1187498,val,0
ms,1187523,val,1
ms,1187548,val,0
ms,1187573,val,0
ms,1187598,val,0
ms,1187623,val,1
ms,1187648,val,1
ms,1187673,val,1
ms,1187698,val,1
ms,1187723,val,1
ms,1187748,val,1
ms,1187773,val,1
ms,1187798,val,1
ms,1187823,val,0
ms,1187848,val,1
ms,1187873,val,1
ms,1187898,val,1
ms,1187923,val,1
ms,1187948,val,0
ms,1187973,val,1
ms,1187998,val,1
ms,1188023,val,1
ms,1188048,val,1
ms,1188073,val,1
ms,1188098,val,1
ms,1188123,val,1
ms,1188148,val,1
ms,1188173,val,0
ms,1188198,val,0
ms,1188223,val,1
ms,1188248,val,1
ms,1188273,val,1
ms,1188298,val,1
ms,1188323,val,1
ms,1188348,val,1
ms,1188373,val,1
ms,1188398,val,1
ms,1188423,val,1
ms,1188448,val,1
ms,1188473,val,1
ms,1188498,val,0
ms,1188523,val,0
ms,1188548,val,1
ms,1188573,val,0
ms,1188598,val,1
ms,1188623,val,0
ms,1188648,val,0
ms,1188673,val,1
ms,1188698,val,1
ms,1188723,val,1
ms,1188748,val,1
ms,1188773,val,1
ms,1188798,val,1
ms,1188823,val,1
ms,1188848,val,1
ms,1188873,val,1
ms,1188898,val,1
ms,1188923,val,1
ms,1188948,val,1
ms,1188973,val,1
ms,1188998,val,1
ms,1189023,val,0
ms,1189048,val,1
ms,1189073,val,1
ms,1189098,val,1
ms,1189123,val,1
ms,1189148,val,1
ms,1189173,val,1
ms,1189198,val,1
ms,1189223,val,1
ms,1189248,val,1
ms,1189273,val,1
ms,1189298,val,1
ms,1189323,val,1
ms,1189348,val,1
ms,1189373,val,0
ms,1189398,val,0
ms,1189423,val,1
ms,1189448,val,1
ms,1189473,val,1
ms,1189498,val,1
ms,1189523,val,1
ms,1189548,val,1
ms,1189573,val,1
ms,1189598,val,0
ms,1189623,val,0
ms,1189648,val,1
ms,1189673,val,1
ms,1189698,val,1
ms,1189723,val,1
ms,1189748,val,1
ms,1189773,val,1
ms,1189798,val,1
ms,1189823,val,1
ms,1189848,val,1
ms,1189873,val,1
ms,1189898,val,1
ms,1189923,val,1
ms,1189948,val,1
ms,1189973,val,0
ms,1189998,val,1
ms,1190023,val,1
ms,1190048,val,1
ms,1190073,val,1
ms,1190098,val,1
ms,1190123,val,1
ms,1190148,val,0
ms,1190173,val,1
ms,1190198,val,1
ms,1190223,val,1
ms,1190248,val,1
ms,1190273,val,1
ms,1190298,val,1
ms,1190323,val,1
ms,1190348,val,1
ms,1190373,val,1
ms,1190398,val,1
ms,1190423,val,1
ms,1190448,val,0
ms,1190473,val,0
ms,1190498,val,1
ms,1190523,val,1
ms,1190548,val,1
ms,1190573,val,1
ms,1190598,val,1
ms,1190623,val,1
ms,1190648,val,1
ms,1190673,val,1
ms,1190698,val,1
ms,1190723,val,1
ms,1190748,val,1
ms,1190773,val,1
ms,1190798,val,0
ms,1190823,val,1
ms,1190848,val,0
ms,1190873,val,1
ms,1190898,val,1
ms,1190923,val,1
ms,1190948,val,1
ms,1190973,val,1
ms,1190998,val,1
ms,1191023,val,1
ms,1191048,val,1
ms,1191073,val,1
ms,1191098,val,1
ms,1191123,val,1
ms,1191148,val,1
ms,1191173,val,1
ms,1191198,val,0
ms,1191223,val,1
ms,1191248,val,0
ms,1191273,val,1
ms,1191298,val,0
ms,1191323,val,1
ms,1191348,val,1
ms,1191373,val,1
ms,1191398,val,1
ms,1191423,val,1
ms,1191448,val,1
ms,1191473,val,1
ms,1191498,val,1
ms,1191523,val,1
ms,1191548,val,1
ms,1191573,val,0
ms,1191598,val,1
ms,1191623,val,1
ms,1191648,val,1
ms,1191673,val,0
ms,1191698,val,1
ms,1191723,val,1
ms,1191748,val,1
ms,1191773,val,1
ms,1191798,val,1
ms,1191823,val,1
ms,1191848,val,1
ms,1191873,val,1
ms,1191898,val,0
ms,1191923,val,1
ms,1191948,val,1
ms,1191973,val,0
ms,1191998,val,1
ms,1192023,val,1
ms,1192048,val,1
ms,1192073,val,1
ms,1192098,val,1
ms,1192123,val,1
ms,1192148,val,1
ms,1192173,val,1
ms,1192198,val,1
ms,1192223,val,1
ms,1192248,val,1
ms,1192273,val,0
ms,1192298,val,0
ms,1192323,val,0
ms,1192348,val,0
ms,1192373,val,1
ms,1192398,val,0
ms,1192423,val,1
ms,1192448,val,1
ms,1192473,val,1
ms,1192498,val,1
ms,1192523,val,1
ms,1192548,val,1
ms,1192573,val,0
ms,1192598,val,0
ms,1192623,val,0
ms,1192648,val,0
ms,1192673,val,0
ms,1192698,val,1
ms,1192723,val,0
ms,1192748,val,1
ms,1192773,val,0
ms,1192798,val,1
ms,1192823,val,1
ms,1192848,val,1
ms,1192873,val,1
ms,1192898,val,1
ms,1192923,val,1
ms,1192948,val,1
ms,1192973,val,1
ms,1192998,val,1
ms,1193023,val,0
ms,1193048,val,0
ms,1193073,val,1
ms,1193098,val,1
ms,1193123,val,1
ms,1193148,val,1
ms,1193173,val,1
ms,1193198,val,1
ms,1193223,val,1
ms,1193248,val,1
ms,1193273,val,1
ms,1193298,val,1
ms,1193323,val,1
ms,1193348,val,1
ms,1193373,val,0
ms,1193398,val,0
ms,1193423,val,0
ms,1193448,val,1
ms,1193473,val,1
ms,1193498,val,1
ms,1193523,val,0
ms,1193548,val,1
ms,1193573,val,1
ms,1193598,val,1
ms,1193623,val,1
ms,1193648,val,1
ms,1193673,val,1
ms,1193698,val,1
ms,1193723,val,0
ms,1193748,val,1
ms,1193773,val,1
ms,1193798,val,1
ms,1193823,val,0
ms,1193848,val,1
ms,1193873,val,1
ms,1193898,val,0
ms,1193923,val,1
ms,1193948,val,0
ms,1193973,val,1
ms,1193998,val,1
ms,1194023,val,1
ms,1194048,val,1
ms,1194073,val,0
ms,1194098,val,0
ms,1194123,val,1
ms,1194148,val,1
ms,1194173,val,0
ms,1194198,val,1
ms,1194223,val,1
ms,1194248,val,1
ms,1194273,val,1
ms,1194298,val,1
ms,1194323,val,1
ms,1194348,val,1
ms,1194373,val,1
ms,1194398,val,0
ms,1194423,val,1
ms,1194448,val,1
ms,1194473,val,0
ms,1194498,val,1
ms,1194523,val,0
ms,1194548,val,1
ms,1194573,val,1
ms,1194598,val,1
ms,1194623,val,1
ms,1194648,val,1
ms,1194673,val,1
ms,1194698,val,1
ms,1194723,val,1
ms,1194748,val,1
ms,1194773,val,1
ms,1194798,val,1
ms,1194823,val,0
ms,1194848,val,1
ms,1194873,val,1
ms,1194898,val,1
ms,1194923,val,1
ms,1194948,val,1
ms,1194973,val,1
ms,1194998,val,0
ms,1195023,val,1
ms,1195048,val,1
ms,1195073,val,0
ms,1195098,val,0
ms,1195123,val,1
ms,1195148,val,0
ms,1195173,val,1
ms,1195198,val,1
ms,1195223,val,1
ms,1195248,val,0
ms,1195273,val,1
ms,1195298,val,1
ms,1195323,val,1
ms,1195348,val,1
ms,1195373,val,1
ms,1195398,val,1
ms,1195423,val,1
ms,1195448,val,1
ms,1195473,val,0
ms,1195498,val,1
ms,1195523,val,1
ms,1195548,val,0
ms,1195573,val,1
ms,1195598,val,1
ms,1195623,val,1
ms,1195648,val,1
ms,1195673,val,1
ms,1195698,val,1
ms,1195723,val,1
ms,1195748,val,1
ms,1195773,val,1
ms,1195798,val,1
ms,1195823,val,1
ms,1195848,val,1
ms,1195873,val,1
ms,1195898,val,1
ms,1195923,val,1
ms,1195948,val,1
ms,1195973,val,1
ms,1195998,val,0
ms,1196023,val,0
ms,1196048,val,1
ms,1196073,val,0
ms,1196098,val,1
ms,1196123,val,1
ms,1196148,val,0
ms,1196173,val,1
ms,1196198,val,1
ms,1196223,val,1
ms,1196248,val,1
ms,1196273,val,1
ms,1196298,val,1
ms,1196323,val,1
ms,1196348,val,1
ms,1196373,val,1
ms,1196398,val,1
ms,1196423,val,1
ms,1196448,val,1
ms,1196473,val,0
ms,1196498,val,1
ms,1196523,val,1
ms,1196548,val,1
ms,1196573,val,1
ms,1196598,val,1
ms,1196623,val,1
ms,1196648,val,0
ms,1196673,val,1
ms,1196698,val,1
ms,1196723,val,1
ms,1196748,val,1
ms,1196773,val,1
ms,1196798,val,1
ms,1196823,val,1
ms,1196848,val,1
ms,1196873,val,1
ms,1196898,val,1
ms,1196923,val,0
ms,1196948,val,0
ms,1196973,val,1
ms,1196998,val,1
ms,1197023,val,1
ms,1197048,val,1
ms,1197073,val,1
ms,1197098,val,0
ms,1197123,val,1
ms,1197148,val,1
ms,1197173,val,1
ms,1197198,val,1
ms,1197223,val,1
ms,1197248,val,1
ms,1197273,val,1
ms,1197298,val,0
ms,1197323,val,1
ms,1197348,val,1
ms,1197373,val,0
ms,1197398,val,1
ms,1197423,val,1
ms,1197448,val,1
ms,1197473,val,1
ms,1197498,val,1
ms,1197523,val,1
ms,1197548,val,1
ms,1197573,val,1
ms,1197598,val,1
ms,1197623,val,1
ms,1197648,val,1
ms,1197673,val,1
ms,1197698,val,1
ms,1197723,val,1
ms,1197748,val,1
ms,1197773,val,1
ms,1197798,val,1
ms,1197823,val,1
ms,1197848,val,1
ms,1197873,val,1
ms,1197898,val,1
ms,1197923,val,0
ms,1197948,val,0
ms,1197973,val,1
ms,1197998,val,1
ms,1198023,val,0
ms,1198048,val,0
ms,1198073,val,1
ms,1198098,val,1
ms,1198123,val,1
ms,1198148,val,0
ms,1198173,val,1
ms,1198198,val,0
ms,1198223,val,1
ms,1198248,val,1
ms,1198273,val,0
ms,1198298,val,1
ms,1198323,val,1
ms,1198348,val,1
ms,1198373,val,1
ms,1198398,val,1
ms,1198423,val,1
ms,1198448,val,1
ms,1198473,val,1
ms,1198498,val,1
ms,1198523,val,1
ms,1198548,val,1
ms,1198573,val,1
ms,1198598,val,1
ms,1198623,val,0
ms,1198648,val,1
ms,1198673,val,0
ms,1198698,val,0
ms,1198723,val,1
ms,1198748,val,1
ms,1198773,val,1
ms,1198798,val,0
ms,1198823,val,1
ms,1198848,val,1
ms,1198873,val,0
ms,1198898,val,0
ms,1198923,val,1
ms,1198948,val,0
ms,1198973,val,1
ms,1198998,val,1
ms,1199023,val,1
ms,1199048,val,1
ms,1199073,val,1
ms,1199098,val,0
ms,1199123,val,1
ms,1199148,val,1
ms,1199173,val,1
ms,1199198,val,1
ms,1199223,val,1
ms,1199248,val,1
ms,1199273,val,1
ms,1199298,val,1
ms,1199323,val,0
ms,1199348,val,0
ms,1199373,val,0
ms,1199398,val,1
ms,1199423,val,1
ms,1199448,val,1
ms,1199473,val,1
ms,1199498,val,1
ms,1199523,val,1
ms,1199548,val,1
ms,1199573,val,1
ms,1199598,val,1
ms,1199623,val,0
ms,1199648,val,1
ms,1199673,val,0
ms,1199698,val,1
ms,1199723,val,1
ms,1199748,val,1
ms,1199773,val,1
ms,1199798,val,1
ms,1199823,val,1
ms,1199848,val,1
ms,1199873,val,1
ms,1199898,val,1
ms,1199923,val,1
ms,1199948,val,0
ms,1199973,val,1
ms,1199998,val,1
ms,1200023,val,1
ms,1200048,val,1
ms,1200073,val,1
ms,1200098,val,1
ms,1200123,val,0
ms,1200148,val,1
ms,1200173,val,0
ms,1200198,val,1
ms,1200223,val,1
ms,1200248,val,1
ms,1200273,val,1
ms,1200298,val,1
ms,1200323,val,1
ms,1200348,val,1
ms,1200373,val,0
ms,1200398,val,0
ms,1200423,val,1
ms,1200448,val,1
ms,1200473,val,1
ms,1200498,val,1
ms,1200523,val,1
ms,1200548,val,1
ms,1200573,val,1
ms,1200598,val,1
ms,1200623,val,1
ms,1200648,val,1
ms,1200673,val,1
ms,1200698,val,1
ms,1200723,val,1
ms,1200748,val,0
ms,1200773,val,1
ms,1200798,val,1
ms,1200823,val,1
ms,1200848,val,1
ms,1200873,val,1
ms,1200898,val,1
ms,1200923,val,1
ms,1200948,val,1
ms,1200973,val,1
ms,1200998,val,1
ms,1201023,val,1
ms,1201048,val,1
ms,1201073,val,1
ms,1201098,val,1
ms,1201123,val,1
ms,1201148,val,1
ms,1201173,val,1
ms,1201198,val,1
ms,1201223,val,1
ms,1201248,val,1
ms,1201273,val,1
ms,1201298,val,0
ms,1201323,val,1
ms,1201348,val,1
ms,1201373,val,1
ms,1201398,val,1
ms,1201423,val,1
ms,1201448,val,1
ms,1201473,val,1
ms,1201498,val,1
ms,1201523,val,1
ms,1201548,val,1
ms,1201573,val,1
ms,1201598,val,1
ms,1201623,val,1
ms,1201648,val,1
ms,1201673,val,1
ms,1201698,val,1
ms,1201723,val,1
ms,1201748,val,1
ms,1201773,val,1
ms,1201798,val,1
ms,1201823,val,1
ms,1201848,val,1
ms,1201873,val,0
ms,1201898,val,1
ms,1201923,val,0
ms,1201948,val,1
ms,1201973,val,1
ms,1201998,val,1
ms,1202023,val,1
ms,1202048,val,1
ms,1202073,val,1
ms,1202098,val,1
ms,1202123,val,1
ms,1202148,val,1
ms,1202173,val,1
ms,1202198,val,1
ms,1202223,val,1
ms,1202248,val,1
ms,1202273,val,1
